{"cameraMode":{"drawMode":0,"name":"Shaded","section":"Shading Mode"},"sceneLighting":false,"audioPlay":false,"sceneViewState":{"m_AlwaysRefresh":false,"showFog":true,"showSkybox":false,"showFlares":true,"showImageEffects":true,"showParticleSystems":true,"showVisualEffectGraphs":true,"m_FxEnabled":true},"in2DMode":false,"pivot":{"x":0.024919407442212106,"y":1.6931958198547364,"z":0.7525981664657593},"rotation":{"x":0.5825627446174622,"y":0.006095733027905226,"z":-0.004369309172034264,"w":0.8127506375312805},"size":2.346031427383423,"orthographic":false}